<?xml version="1.0" encoding="UTF-8"?>
<page version="1.1">
	<options>
		<layout>list</layout>
		<function>{function}</function>
		<pattern>default</pattern>
		<option>heading</option>
		<option>link</option>
		<option>image</option>
	</options>
	<content>
		<item>
			<heading><![CDATA[{heading1}]]></heading>
			<link><![CDATA[{link1}]]></link>
			<image><![CDATA[{image1}]]></image>
		</item>
		<item>
			<heading><![CDATA[{heading2}]]></heading>
			<link><![CDATA[{link2}]]></link>
			<image><![CDATA[{image2}]]></image>
		</item>
		<item>
			<heading><![CDATA[{heading3}]]></heading>
			<link><![CDATA[{link3}]]></link>
			<image><![CDATA[{image3}]]></image>
		</item>
	</content>
</page>